{
	"parent": "goshas_rpg:configuration/item/bow",
	"display": {
		"firstperson_righthand": {
			"rotation": [ -100, -100, -95 ],
			"translation": [ -0.5, 1, 1 ],
			"scale": [ 0.7, 0.7, 0.7 ]
		},
		"firstperson_lefthand": {
			"rotation": [ -100, 80, 95 ],
			"translation": [ -0.5, 1, 1 ],
			"scale": [ 0.7, 0.7, 0.7 ]
		}
	},
	"overrides": [
		{
			"predicate": {
				"pulling": 1
			},
			"model": "goshas_rpg:configuration/item/bow_pulling_0"
		},
		{
			"predicate": {
				"pulling": 1,
				"pull": 0.65
			},
			"model": "goshas_rpg:configuration/item/bow_pulling_1"
		},
		{
			"predicate": {
				"pulling": 1,
				"pull": 0.9
			},
			"model": "goshas_rpg:configuration/item/bow_pulling_2"
		}
	]
}