{
    "parent": "goshas_rpg:configuration/item/crossbow",
	"display": {
		"firstperson_righthand": {
			"rotation": [ -90, 0, -45 ],
			"translation": [ -6, 3, 1.5 ],
			"scale": [ 0.7, 0.7, 0.7 ]
		},
		"firstperson_lefthand": {
			"rotation": [ -90, 0, 45 ],
			"translation": [ -6, 3, 1.5 ],
			"scale": [ 0.7, 0.7, 0.7 ]
		}
	},
    "overrides": [
        {
            "predicate": {
                "pulling": 1
            },
            "model": "goshas_rpg:configuration/item/crossbow_pulling_0"
        },
        {
            "predicate": {
                "pulling": 1,
                "pull": 0.58
            },
            "model": "goshas_rpg:configuration/item/crossbow_pulling_1"
        },
        {
            "predicate": {
                "pulling": 1,
                "pull": 1.0
            },
            "model": "goshas_rpg:configuration/item/crossbow_pulling_2"
        },
        {
            "predicate": {
                "charged": 1
            },
            "model": "goshas_rpg:configuration/item/crossbow_arrow"
        },
        {
            "predicate": {
                "charged": 1,
                "firework": 1
            },
            "model": "goshas_rpg:configuration/item/crossbow_firework"
        }
    ]
}