{
	"parent": "goshas_rpg:configuration/block/lantern",
	"display": {
		"thirdperson_righthand": {
			"rotation": [ 75, 0, 0 ],
			"translation": [ 0, -2, -1 ],
			"scale": [ 0.7, 0.7, 0.7 ]
		},
		"thirdperson_lefthand": {
			"rotation": [ 75, 0, 0 ],
			"translation": [ 0, -2, -1 ],
			"scale": [ 0.7, 0.7, 0.7 ]
		},
		"firstperson_righthand": {
			"rotation": [ 0, 0, 0 ],
			"translation": [ -1, 5, 1 ],
			"scale": [ 0.7, 0.7, 0.7 ]
		},
		"firstperson_lefthand": {
			"rotation": [ 0, 0, 0 ],
			"translation": [ -1, 5, 1 ],
			"scale": [ 0.7, 0.7, 0.7 ]
		},
		"ground": {
			"rotation": [ 0, 0, 0 ],
			"translation": [ 0, 2, 0 ],
			"scale": [ 0.5, 0.5, 0.5 ]
		},
		"gui": {
			"rotation": [ 0, 0, 0 ],
			"translation": [ 0, 2.1, 0 ],
			"scale": [ 1, 1, 1 ]
		},
		"head": {
			"rotation": [ 0, 0, 0 ],
			"translation": [ 0, 16, 0 ],
			"scale": [ 1.2, 1.2, 1.2 ]
		},
		"fixed": {
			"rotation": [ 0, 0, 0 ],
			"translation": [ 0, 2, 1 ],
			"scale": [ 1, 1, 1 ]
		}
	}
}