{
	"parent": "goshas_rpg:configuration/block/redstone_torch",
	"display": {
		"firstperson_righthand": {
			"rotation": [ 0, 0, 0 ],
			"translation": [ 0, 4, 0 ],
			"scale": [ 0.7, 0.7, 0.7 ]
		},
		"firstperson_lefthand": {
			"rotation": [ 0, 0, 0 ],
			"translation": [ 0, 4, 0 ],
			"scale": [ 0.7, 0.7, 0.7 ]
		},
		"thirdperson_righthand": {
			"rotation": [ 0, 0, 0 ],
			"translation": [ 0, 4, 1 ],
			"scale": [ 0.7, 0.7, 0.7 ]
		},
		"thirdperson_lefthand": {
			"rotation": [ 0, 0, 0 ],
			"translation": [ 0, 4, 1 ],
			"scale": [ 0.7, 0.7, 0.7 ]
		},
		"ground": {
			"rotation": [ 0, 0, 0 ],
			"translation": [ 0, 2, 0 ],
			"scale": [ 0.5, 0.5, 0.5 ]
		},
		"gui": {
			"rotation": [ 0, 0, 0 ],
			"translation": [ 0, 0, 0 ],
			"scale": [ 1, 1, 1 ]
		},
		"head": {
			"rotation": [ 0, 0, 0 ],
			"translation": [ 0, 13, 7.5 ],
			"scale": [ 1, 1, 1 ]
		},
		"fixed": {
			"rotation": [ 0, 0, 0 ],
			"translation": [ 0, 0, 1 ],
			"scale": [ 1, 1, 1 ]
		}
	}
}